{
    "blur": {
        "defocus_blur": {
            "1": 0.0010000000000000009,
            "2": 0.0012499999999999734,
            "3": 0.0014999999999999458,
            "4": 0.0014999999999999458,
            "5": 0.0022499999999999742
        },
        "gaussian_blur": {
            "1": 0.0010000000000000009,
            "2": 0.0014999999999999458,
            "3": 0.0017500000000000293,
            "4": 0.0020000000000000018,
            "5": 0.003249999999999975
        },
        "glass_blur": {
            "1": 0.0010000000000000009,
            "2": 0.0010000000000000009,
            "3": 0.0014999999999999458,
            "4": 0.0010000000000000009,
            "5": 0.0014999999999999458
        },
        "motion_blur": {
            "1": 0.0017500000000000293,
            "2": 0.0024999999999999467,
            "3": 0.003750000000000031,
            "4": 0.003249999999999975,
            "5": 0.004750000000000032
        },
        "zoom_blur": {
            "1": 0.0034999999999999476,
            "2": 0.024249999999999994,
            "3": 0.05249999999999999,
            "4": 0.08025000000000004,
            "5": 0.139
        }
    },
    "digital": {
        "contrast": {
            "1": 0.0020000000000000018,
            "2": 0.009499999999999953,
            "3": 0.02575000000000005,
            "4": 0.08150000000000002,
            "5": 0.36224999999999996
        },
        "elastic_transform": {
            "1": 0.0017500000000000293,
            "2": 0.0014999999999999458,
            "3": 0.0012499999999999734,
            "4": 0.003750000000000031,
            "5": 0.015750000000000042
        },
        "jpeg_compression": {
            "1": 0.0007500000000000284,
            "2": 0.0017500000000000293,
            "3": 0.0017500000000000293,
            "4": 0.00275000000000003,
            "5": 0.006249999999999978
        },
        "pixelate": {
            "1": 0.53075,
            "2": 0.46924999999999994,
            "3": 0.62025,
            "4": 0.804,
            "5": 0.8745
        },
        "saturate": {
            "1": 0.008000000000000007,
            "2": 0.012499999999999956,
            "3": 0.0014999999999999458,
            "4": 0.009000000000000008,
            "5": 0.027249999999999996
        }
    },
    "noise": {
        "gaussian_noise": {
            "1": 0.02024999999999999,
            "2": 0.0655,
            "3": 0.13775000000000004,
            "4": 0.16874999999999996,
            "5": 0.2005
        },
        "impulse_noise": {
            "1": 0.07050000000000001,
            "2": 0.14024999999999999,
            "3": 0.19099999999999995,
            "4": 0.24524999999999997,
            "5": 0.28800000000000003
        },
        "shot_noise": {
            "1": 0.01200000000000001,
            "2": 0.03049999999999997,
            "3": 0.08425000000000005,
            "4": 0.11575000000000002,
            "5": 0.1745
        },
        "speckle_noise": {
            "1": 0.013000000000000012,
            "2": 0.04400000000000004,
            "3": 0.05425000000000002,
            "4": 0.10124999999999995,
            "5": 0.1725
        }
    },
    "weather": {
        "brightness": {
            "1": 0.0010000000000000009,
            "2": 0.0017500000000000293,
            "3": 0.0024999999999999467,
            "4": 0.005750000000000033,
            "5": 0.025249999999999995
        },
        "fog": {
            "1": 0.0020000000000000018,
            "2": 0.003750000000000031,
            "3": 0.011499999999999955,
            "4": 0.049000000000000044,
            "5": 0.20725000000000005
        },
        "frost": {
            "1": 0.02375000000000005,
            "2": 0.03149999999999997,
            "3": 0.07125000000000004,
            "4": 0.08650000000000002,
            "5": 0.14475000000000005
        },
        "snow": {
            "1": 0.043749999999999956,
            "2": 0.15300000000000002,
            "3": 0.1925,
            "4": 0.26175000000000004,
            "5": 0.25375000000000003
        },
        "spatter": {
            "1": 0.03325,
            "2": 0.09050000000000002,
            "3": 0.21175,
            "4": 0.15325,
            "5": 0.18974999999999997
        }
    }
}