{
    "blur": {
        "defocus_blur": {
            "1": 0.0034999999999999476,
            "2": 0.0040000000000000036,
            "3": 0.005750000000000033,
            "4": 0.00649999999999995,
            "5": 0.010750000000000037
        },
        "gaussian_blur": {
            "1": 0.0034999999999999476,
            "2": 0.006249999999999978,
            "3": 0.007000000000000006,
            "4": 0.010000000000000009,
            "5": 0.014249999999999985
        },
        "glass_blur": {
            "1": 0.003249999999999975,
            "2": 0.0034999999999999476,
            "3": 0.0040000000000000036,
            "4": 0.0034999999999999476,
            "5": 0.0040000000000000036
        },
        "motion_blur": {
            "1": 0.005499999999999949,
            "2": 0.011249999999999982,
            "3": 0.016249999999999987,
            "4": 0.017750000000000044,
            "5": 0.02400000000000002
        },
        "zoom_blur": {
            "1": 0.017249999999999988,
            "2": 0.05400000000000005,
            "3": 0.08425000000000005,
            "4": 0.11699999999999999,
            "5": 0.14500000000000002
        }
    },
    "digital": {
        "contrast": {
            "1": 0.08875,
            "2": 0.4345,
            "3": 0.5900000000000001,
            "4": 0.6912499999999999,
            "5": 0.748
        },
        "elastic_transform": {
            "1": 0.0044999999999999485,
            "2": 0.003249999999999975,
            "3": 0.004750000000000032,
            "4": 0.0050000000000000044,
            "5": 0.005499999999999949
        },
        "jpeg_compression": {
            "1": 0.003750000000000031,
            "2": 0.003750000000000031,
            "3": 0.003750000000000031,
            "4": 0.004249999999999976,
            "5": 0.0044999999999999485
        },
        "pixelate": {
            "1": 0.05725000000000002,
            "2": 0.06499999999999995,
            "3": 0.062000000000000055,
            "4": 0.07150000000000001,
            "5": 0.11150000000000004
        },
        "saturate": {
            "1": 0.46299999999999997,
            "2": 0.5075000000000001,
            "3": 0.07799999999999996,
            "4": 0.26825,
            "5": 0.38575000000000004
        }
    },
    "noise": {
        "gaussian_noise": {
            "1": 0.005750000000000033,
            "2": 0.04325000000000001,
            "3": 0.24150000000000005,
            "4": 0.35175,
            "5": 0.45899999999999996
        },
        "impulse_noise": {
            "1": 0.04049999999999998,
            "2": 0.22775,
            "3": 0.4405,
            "4": 0.64525,
            "5": 0.731
        },
        "shot_noise": {
            "1": 0.0040000000000000036,
            "2": 0.0050000000000000044,
            "3": 0.04025000000000001,
            "4": 0.129,
            "5": 0.38725
        },
        "speckle_noise": {
            "1": 0.003750000000000031,
            "2": 0.007249999999999979,
            "3": 0.015249999999999986,
            "4": 0.13949999999999996,
            "5": 0.4245
        }
    },
    "weather": {
        "brightness": {
            "1": 0.005249999999999977,
            "2": 0.011750000000000038,
            "3": 0.023249999999999993,
            "4": 0.05425000000000002,
            "5": 0.17674999999999996
        },
        "fog": {
            "1": 0.01200000000000001,
            "2": 0.11599999999999999,
            "3": 0.22124999999999995,
            "4": 0.32475,
            "5": 0.50225
        },
        "frost": {
            "1": 0.08225000000000005,
            "2": 0.17925000000000002,
            "3": 0.28325,
            "4": 0.29774999999999996,
            "5": 0.37150000000000005
        },
        "snow": {
            "1": 0.03125,
            "2": 0.21325000000000005,
            "3": 0.3235,
            "4": 0.471,
            "5": 0.373
        },
        "spatter": {
            "1": 0.007000000000000006,
            "2": 0.10824999999999996,
            "3": 0.3095,
            "4": 0.3105,
            "5": 0.6
        }
    }
}