{
    "blur": {
        "defocus_blur": {
            "1": 0.00024999999999997247,
            "2": 0.00024999999999997247,
            "3": 0.0010000000000000009,
            "4": 0.0007500000000000284,
            "5": 0.0012499999999999734
        },
        "gaussian_blur": {
            "1": 0.0004999999999999449,
            "2": 0.0010000000000000009,
            "3": 0.0012499999999999734,
            "4": 0.0012499999999999734,
            "5": 0.0012499999999999734
        },
        "glass_blur": {
            "1": 0.0004999999999999449,
            "2": 0.0007500000000000284,
            "3": 0.0010000000000000009,
            "4": 0.0007500000000000284,
            "5": 0.0012499999999999734
        },
        "motion_blur": {
            "1": 0.0004999999999999449,
            "2": 0.0010000000000000009,
            "3": 0.0014999999999999458,
            "4": 0.0014999999999999458,
            "5": 0.0040000000000000036
        },
        "zoom_blur": {
            "1": 0.011750000000000038,
            "2": 0.05700000000000005,
            "3": 0.10650000000000004,
            "4": 0.14975000000000005,
            "5": 0.20775
        }
    },
    "digital": {
        "contrast": {
            "1": 0.0022499999999999742,
            "2": 0.027750000000000052,
            "3": 0.07474999999999998,
            "4": 0.18425000000000002,
            "5": 0.5485
        },
        "elastic_transform": {
            "1": 0.0010000000000000009,
            "2": 0.0004999999999999449,
            "3": 0.0010000000000000009,
            "4": 0.0030000000000000027,
            "5": 0.01375000000000004
        },
        "jpeg_compression": {
            "1": 0.0010000000000000009,
            "2": 0.0010000000000000009,
            "3": 0.0030000000000000027,
            "4": 0.0024999999999999467,
            "5": 0.0050000000000000044
        },
        "pixelate": {
            "1": 0.43625,
            "2": 0.5035000000000001,
            "3": 0.47350000000000003,
            "4": 0.57775,
            "5": 0.66825
        },
        "saturate": {
            "1": 0.09025000000000005,
            "2": 0.16600000000000004,
            "3": 0.0022499999999999742,
            "4": 0.10475000000000001,
            "5": 0.28825
        }
    },
    "noise": {
        "gaussian_noise": {
            "1": 0.00824999999999998,
            "2": 0.02949999999999997,
            "3": 0.05974999999999997,
            "4": 0.09250000000000003,
            "5": 0.11524999999999996
        },
        "impulse_noise": {
            "1": 0.12749999999999995,
            "2": 0.15125,
            "3": 0.18774999999999997,
            "4": 0.256,
            "5": 0.2915
        },
        "shot_noise": {
            "1": 0.003750000000000031,
            "2": 0.015249999999999986,
            "3": 0.04125000000000001,
            "4": 0.06074999999999997,
            "5": 0.09750000000000003
        },
        "speckle_noise": {
            "1": 0.006750000000000034,
            "2": 0.025249999999999995,
            "3": 0.03574999999999995,
            "4": 0.0675,
            "5": 0.11399999999999999
        }
    },
    "weather": {
        "brightness": {
            "1": 0.0004999999999999449,
            "2": 0.0020000000000000018,
            "3": 0.0050000000000000044,
            "4": 0.013499999999999956,
            "5": 0.0645
        },
        "fog": {
            "1": 0.0020000000000000018,
            "2": 0.01649999999999996,
            "3": 0.05674999999999997,
            "4": 0.12475000000000003,
            "5": 0.256
        },
        "frost": {
            "1": 0.04749999999999999,
            "2": 0.05974999999999997,
            "3": 0.09050000000000002,
            "4": 0.10275000000000001,
            "5": 0.11950000000000005
        },
        "snow": {
            "1": 0.09299999999999997,
            "2": 0.244,
            "3": 0.28574999999999995,
            "4": 0.34850000000000003,
            "5": 0.32399999999999995
        },
        "spatter": {
            "1": 0.04149999999999998,
            "2": 0.16249999999999998,
            "3": 0.39475000000000005,
            "4": 0.26749999999999996,
            "5": 0.26325
        }
    }
}