{
    "blur": {
        "defocus_blur": {
            "1": 0.00024999999999997247,
            "2": 0.00024999999999997247,
            "3": 0.0010000000000000009,
            "4": 0.0007500000000000284,
            "5": 0.0012499999999999734
        },
        "gaussian_blur": {
            "1": 0.0004999999999999449,
            "2": 0.0010000000000000009,
            "3": 0.0012499999999999734,
            "4": 0.0012499999999999734,
            "5": 0.0012499999999999734
        },
        "glass_blur": {
            "1": 0.0004999999999999449,
            "2": 0.0007500000000000284,
            "3": 0.0010000000000000009,
            "4": 0.0007500000000000284,
            "5": 0.0012499999999999734
        },
        "motion_blur": {
            "1": 0.0004999999999999449,
            "2": 0.0010000000000000009,
            "3": 0.0014999999999999458,
            "4": 0.0014999999999999458,
            "5": 0.0040000000000000036
        },
        "zoom_blur": {
            "1": 0.011750000000000038,
            "2": 0.05700000000000005,
            "3": 0.10650000000000004,
            "4": 0.14975000000000005,
            "5": 0.20775
        }
    },
    "digital": {
        "contrast": {
            "1": 0.0022499999999999742,
            "2": 0.027750000000000052,
            "3": 0.07474999999999998,
            "4": 0.18425000000000002,
            "5": 0.5485
        },
        "elastic_transform": {
            "1": 0.0010000000000000009,
            "2": 0.0004999999999999449,
            "3": 0.0010000000000000009,
            "4": 0.0030000000000000027,
            "5": 0.01375000000000004
        },
        "jpeg_compression": {
            "1": 0.0010000000000000009,
            "2": 0.0010000000000000009,
            "3": 0.0030000000000000027,
            "4": 0.0024999999999999467,
            "5": 0.0050000000000000044
        },
        "pixelate": {
            "1": 0.43625,
            "2": 0.5035000000000001,
            "3": 0.47350000000000003,
            "4": 0.57775,
            "5": 0.66825
        },
        "saturate": {
            "1": 0.09025000000000005,
            "2": 0.16600000000000004,
            "3": 0.0022499999999999742,
            "4": 0.10475000000000001,
            "5": 0.28825
        }
    },
    "noise": {},
    "weather": {}
}