{
    "blur": {
        "defocus_blur": {
            "1": 0.027000000000000024,
            "2": 0.02749999999999997,
            "3": 0.02849999999999997,
            "4": 0.029750000000000054,
            "5": 0.03849999999999998
        },
        "gaussian_blur": {
            "1": 0.02749999999999997,
            "2": 0.029750000000000054,
            "3": 0.030000000000000027,
            "4": 0.035499999999999976,
            "5": 0.04700000000000004
        },
        "glass_blur": {
            "1": 0.02749999999999997,
            "2": 0.027000000000000024,
            "3": 0.027000000000000024,
            "4": 0.02675000000000005,
            "5": 0.027000000000000024
        },
        "motion_blur": {
            "1": 0.028750000000000053,
            "2": 0.03774999999999995,
            "3": 0.05149999999999999,
            "4": 0.04600000000000004,
            "5": 0.06525000000000003
        },
        "zoom_blur": {
            "1": 0.062000000000000055,
            "2": 0.12775000000000003,
            "3": 0.17874999999999996,
            "4": 0.24850000000000005,
            "5": 0.29125
        }
    },
    "digital": {
        "contrast": {
            "1": 0.17574999999999996,
            "2": 0.6307499999999999,
            "3": 0.7442500000000001,
            "4": 0.78125,
            "5": 0.781
        },
        "elastic_transform": {
            "1": 0.030000000000000027,
            "2": 0.028000000000000025,
            "3": 0.03049999999999997,
            "4": 0.03249999999999997,
            "5": 0.03400000000000003
        },
        "jpeg_compression": {
            "1": 0.03200000000000003,
            "2": 0.03049999999999997,
            "3": 0.03049999999999997,
            "4": 0.03200000000000003,
            "5": 0.036250000000000004
        },
        "pixelate": {
            "1": 0.15400000000000003,
            "2": 0.19325000000000003,
            "3": 0.1755,
            "4": 0.18925000000000003,
            "5": 0.20750000000000002
        },
        "saturate": {
            "1": 0.48850000000000005,
            "2": 0.59825,
            "3": 0.11075000000000002,
            "4": 0.28525,
            "5": 0.47550000000000003
        }
    },
    "noise": {
        "gaussian_noise": {
            "1": 0.052749999999999964,
            "2": 0.16225,
            "3": 0.35750000000000004,
            "4": 0.43625,
            "5": 0.49924999999999997
        },
        "impulse_noise": {
            "1": 0.10350000000000004,
            "2": 0.2925,
            "3": 0.46025000000000005,
            "4": 0.6435,
            "5": 0.7175
        },
        "shot_noise": {
            "1": 0.03600000000000003,
            "2": 0.049000000000000044,
            "3": 0.15625,
            "4": 0.24350000000000005,
            "5": 0.40974999999999995
        },
        "speckle_noise": {
            "1": 0.03600000000000003,
            "2": 0.0645,
            "3": 0.08699999999999997,
            "4": 0.18774999999999997,
            "5": 0.374
        }
    },
    "weather": {
        "brightness": {
            "1": 0.03225,
            "2": 0.04300000000000004,
            "3": 0.0685,
            "4": 0.11024999999999996,
            "5": 0.23650000000000004
        },
        "fog": {
            "1": 0.05774999999999997,
            "2": 0.20174999999999998,
            "3": 0.35575,
            "4": 0.49450000000000005,
            "5": 0.6615
        },
        "frost": {
            "1": 0.118,
            "2": 0.22724999999999995,
            "3": 0.35675,
            "4": 0.368,
            "5": 0.44625000000000004
        },
        "snow": {
            "1": 0.09750000000000003,
            "2": 0.31275,
            "3": 0.349,
            "4": 0.47750000000000004,
            "5": 0.47250000000000003
        },
        "spatter": {
            "1": 0.03849999999999998,
            "2": 0.16349999999999998,
            "3": 0.3085,
            "4": 0.47350000000000003,
            "5": 0.60225
        }
    }
}