{
    "blur": {
        "defocus_blur": {
            "1": 0.0024999999999999467,
            "2": 0.0030000000000000027,
            "3": 0.0040000000000000036,
            "4": 0.0050000000000000044,
            "5": 0.006249999999999978
        },
        "gaussian_blur": {
            "1": 0.0024999999999999467,
            "2": 0.0044999999999999485,
            "3": 0.0050000000000000044,
            "4": 0.0050000000000000044,
            "5": 0.006249999999999978
        },
        "glass_blur": {
            "1": 0.0030000000000000027,
            "2": 0.0022499999999999742,
            "3": 0.00275000000000003,
            "4": 0.0020000000000000018,
            "5": 0.0024999999999999467
        },
        "motion_blur": {
            "1": 0.003249999999999975,
            "2": 0.004249999999999976,
            "3": 0.005499999999999949,
            "4": 0.004750000000000032,
            "5": 0.006000000000000005
        },
        "zoom_blur": {
            "1": 0.01100000000000001,
            "2": 0.03874999999999995,
            "3": 0.07199999999999995,
            "4": 0.11524999999999996,
            "5": 0.1755
        }
    },
    "digital": {
        "contrast": {
            "1": 0.005499999999999949,
            "2": 0.022249999999999992,
            "3": 0.046499999999999986,
            "4": 0.11599999999999999,
            "5": 0.46975
        },
        "elastic_transform": {
            "1": 0.003249999999999975,
            "2": 0.0044999999999999485,
            "3": 0.0040000000000000036,
            "4": 0.02124999999999999,
            "5": 0.04974999999999996
        },
        "jpeg_compression": {
            "1": 0.0050000000000000044,
            "2": 0.003750000000000031,
            "3": 0.006750000000000034,
            "4": 0.0044999999999999485,
            "5": 0.00824999999999998
        },
        "pixelate": {
            "1": 0.47350000000000003,
            "2": 0.5407500000000001,
            "3": 0.5235000000000001,
            "4": 0.542,
            "5": 0.56125
        },
        "saturate": {
            "1": 0.08950000000000002,
            "2": 0.15400000000000003,
            "3": 0.0050000000000000044,
            "4": 0.09875,
            "5": 0.28374999999999995
        }
    },
    "noise": {
        "gaussian_noise": {
            "1": 0.023499999999999965,
            "2": 0.062000000000000055,
            "3": 0.11575000000000002,
            "4": 0.14525,
            "5": 0.17374999999999996
        },
        "impulse_noise": {
            "1": 0.16174999999999995,
            "2": 0.20599999999999996,
            "3": 0.25325,
            "4": 0.30074999999999996,
            "5": 0.32075
        },
        "shot_noise": {
            "1": 0.016249999999999987,
            "2": 0.03500000000000003,
            "3": 0.08025000000000004,
            "4": 0.10624999999999996,
            "5": 0.15500000000000003
        },
        "speckle_noise": {
            "1": 0.025000000000000022,
            "2": 0.050000000000000044,
            "3": 0.06499999999999995,
            "4": 0.10824999999999996,
            "5": 0.1785
        }
    },
    "weather": {
        "brightness": {
            "1": 0.0030000000000000027,
            "2": 0.0050000000000000044,
            "3": 0.008750000000000036,
            "4": 0.015249999999999986,
            "5": 0.048250000000000015
        },
        "fog": {
            "1": 0.006000000000000005,
            "2": 0.01824999999999999,
            "3": 0.04800000000000004,
            "4": 0.09799999999999998,
            "5": 0.21999999999999997
        },
        "frost": {
            "1": 0.04125000000000001,
            "2": 0.05325000000000002,
            "3": 0.08174999999999999,
            "4": 0.09275,
            "5": 0.11524999999999996
        },
        "snow": {
            "1": 0.16049999999999998,
            "2": 0.34950000000000003,
            "3": 0.40725,
            "4": 0.46825000000000006,
            "5": 0.37375
        },
        "spatter": {
            "1": 0.06774999999999998,
            "2": 0.23524999999999996,
            "3": 0.42625,
            "4": 0.29100000000000004,
            "5": 0.29900000000000004
        }
    }
}