{
    "blur": {
        "defocus_blur": {
            "1": 0.0012499999999999734,
            "2": 0.0014999999999999458,
            "3": 0.0020000000000000018,
            "4": 0.0020000000000000018,
            "5": 0.0024999999999999467
        },
        "gaussian_blur": {
            "1": 0.0012499999999999734,
            "2": 0.0020000000000000018,
            "3": 0.0020000000000000018,
            "4": 0.0022499999999999742,
            "5": 0.00275000000000003
        },
        "glass_blur": {
            "1": 0.0014999999999999458,
            "2": 0.0012499999999999734,
            "3": 0.0012499999999999734,
            "4": 0.0012499999999999734,
            "5": 0.0012499999999999734
        },
        "motion_blur": {
            "1": 0.0017500000000000293,
            "2": 0.0022499999999999742,
            "3": 0.0040000000000000036,
            "4": 0.003249999999999975,
            "5": 0.004750000000000032
        },
        "zoom_blur": {
            "1": 0.008000000000000007,
            "2": 0.03300000000000003,
            "3": 0.05800000000000005,
            "4": 0.08675,
            "5": 0.13575000000000004
        }
    },
    "digital": {
        "contrast": {
            "1": 0.0017500000000000293,
            "2": 0.009000000000000008,
            "3": 0.02300000000000002,
            "4": 0.07350000000000001,
            "5": 0.35875
        },
        "elastic_transform": {
            "1": 0.0017500000000000293,
            "2": 0.0022499999999999742,
            "3": 0.0017500000000000293,
            "4": 0.0034999999999999476,
            "5": 0.01100000000000001
        },
        "jpeg_compression": {
            "1": 0.0012499999999999734,
            "2": 0.0017500000000000293,
            "3": 0.0020000000000000018,
            "4": 0.0022499999999999742,
            "5": 0.0050000000000000044
        },
        "pixelate": {
            "1": 0.55575,
            "2": 0.49924999999999997,
            "3": 0.6367499999999999,
            "4": 0.8302499999999999,
            "5": 0.875
        },
        "saturate": {
            "1": 0.008499999999999952,
            "2": 0.013499999999999956,
            "3": 0.0017500000000000293,
            "4": 0.00649999999999995,
            "5": 0.022499999999999964
        }
    },
    "noise": {
        "gaussian_noise": {
            "1": 0.015750000000000042,
            "2": 0.04600000000000004,
            "3": 0.10775000000000001,
            "4": 0.14249999999999996,
            "5": 0.17874999999999996
        },
        "impulse_noise": {
            "1": 0.06574999999999998,
            "2": 0.134,
            "3": 0.17900000000000005,
            "4": 0.23450000000000004,
            "5": 0.278
        },
        "shot_noise": {
            "1": 0.009499999999999953,
            "2": 0.026499999999999968,
            "3": 0.06774999999999998,
            "4": 0.10150000000000003,
            "5": 0.15275000000000005
        },
        "speckle_noise": {
            "1": 0.013249999999999984,
            "2": 0.036250000000000004,
            "3": 0.044749999999999956,
            "4": 0.09150000000000003,
            "5": 0.15974999999999995
        }
    },
    "weather": {
        "brightness": {
            "1": 0.0012499999999999734,
            "2": 0.0017500000000000293,
            "3": 0.0024999999999999467,
            "4": 0.007249999999999979,
            "5": 0.025249999999999995
        },
        "fog": {
            "1": 0.0017500000000000293,
            "2": 0.0030000000000000027,
            "3": 0.009750000000000036,
            "4": 0.04249999999999998,
            "5": 0.1885
        },
        "frost": {
            "1": 0.02475000000000005,
            "2": 0.03700000000000003,
            "3": 0.07550000000000001,
            "4": 0.09225000000000005,
            "5": 0.14925
        },
        "snow": {
            "1": 0.03649999999999998,
            "2": 0.13149999999999995,
            "3": 0.1835,
            "4": 0.27775000000000005,
            "5": 0.25249999999999995
        },
        "spatter": {
            "1": 0.024499999999999966,
            "2": 0.08625000000000005,
            "3": 0.21150000000000002,
            "4": 0.15625,
            "5": 0.16900000000000004
        }
    }
}